date,longitude,latitude,ch4
2021-02-14,15.495938651061742,56.64997013251187,1843.7783025438428
2021-02-26,15.169043373279258,58.08727458710308,1819.0249029347328
2021-02-26,16.516516299458544,59.88390515534212,1836.364524390252
2021-02-26,14.001233503923885,59.97373668375408,1812.6108491357418
2021-02-28,18.223315339285634,59.70424209851822,1840.6711494133992
2021-02-28,14.450391145983644,57.54828541663139,1799.3259324038422
2021-03-01,14.328128781706365,56.9194647177477,1835.192008245271
2021-03-01,15.495938651061742,56.64997013251187,1829.7893865879219
2021-03-01,14.50779183853027,57.54828541663139,1822.9221555248362
2021-03-01,15.528369486927069,56.64997013251187,1855.2339125474828
2021-03-02,16.57391699200517,59.88390515534212,1854.560653812151
2021-03-02,14.450391145983644,57.54828541663139,1828.651449244656
2021-03-07,16.394253935181265,64.55514463276364,1854.6080855498021
2021-03-07,14.417960310118318,62.578851007700706,1825.9385240452773
2021-03-07,14.148465724882461,61.590704195169224,1852.409731699603
2021-03-07,13.82157044709998,57.18895930298356,1823.945588069585
2021-03-07,14.180896560747783,61.590704195169224,1846.6126701399314
2021-03-08,16.57391699200517,59.88390515534212,1866.5592298599709
2021-03-08,16.484085463593217,59.70424209851822,1855.582268840317
2021-03-10,12.621329741879274,63.714230041190746,1868.762561493396
2021-03-10,18.640042145480066,64.52271379689833,1833.5849775006157
2021-03-10,20.167178128483254,64.61254532531026,1869.6001404560893
2021-03-10,19.53835742959959,65.06170296737002,1841.50739315859
2021-03-10,18.81970520230397,64.43288226848637,1848.827375109636
2021-03-14,14.148465724882461,61.590704195169224,1804.0195816008106
2021-03-14,14.417960310118318,62.546420171835365,1813.4320419901726
2021-03-14,13.519645025998797,61.55827335930391,1822.6054589322748
2021-03-14,14.148465724882461,61.648104887715846,1807.7805365324027
2021-03-16,16.753580048829072,63.714230041190746,1799.1727334486238
2021-03-16,18.550210617068114,63.714230041190746,1816.3911349921448
2021-03-16,21.963808696722296,66.88330339229037,1871.6839815831993
2021-03-16,16.394253935181265,67.42229256276208,1899.656456027304
2021-03-16,18.640042145480066,64.45785212516766,1816.6612528520106
2021-03-16,20.167178128483254,64.63751518199157,1808.0379629179981
2021-03-16,13.070487383939035,62.66122155692862,1848.1732840515624
2021-03-16,18.81970520230397,64.45785212516766,1788.2945538491952
2021-03-16,13.519645025998797,61.583243215985206,1832.6451723997363
2021-03-16,14.328128781706365,60.505264875041775,1807.1600635732723
2021-03-17,20.167178128483254,64.61254532531026,1868.7256088879324
2021-03-17,19.53835742959959,65.06170296737002,1864.3714535807683
2021-03-17,18.550210617068114,63.714230041190746,1840.3209751884162
2021-03-17,13.6993080828227,60.74978960359633,1795.278698353749
2021-03-17,13.789139611234653,60.74978960359633,1795.2786888462824
2021-03-17,11.992509042995609,58.95315903535729,1849.0606811909063
2021-03-18,22.233303281958154,65.95255727230553,1856.900563555481
2021-03-18,21.963808696722296,66.94070408483701,1857.9544970032618
2021-03-18,20.167178128483254,64.60508434612625,1878.785039961512
2021-03-18,19.53835742959959,65.054241988186,1841.7558854517238
2021-03-18,21.60448258307449,65.68306268706968,1854.850564149312
2021-03-18,22.233303281958154,65.96001825148954,1813.2013217327735
2021-03-18,20.52650424213106,67.21765964925689,1833.939402290747
2021-03-18,21.963808696722296,66.94816506402103,1818.5972568138818
2021-03-18,18.640042145480066,64.52271379689833,1816.3513046233293
2021-03-18,20.167178128483254,64.61254532531026,1834.2829807732596
2021-03-18,20.79599882736692,67.84648034814055,1845.5083589301453
2021-03-18,19.53835742959959,65.06170296737002,1828.0702290204547
2021-03-18,18.81970520230397,64.43288226848637,1823.074894435634
2021-03-18,20.34684118530716,66.94816506402103,1844.2295051459432
2021-03-18,21.60448258307449,65.69052366625371,1815.75490047356
2021-03-18,18.672472981345393,64.49028296103299,1829.737687939207
2021-03-19,13.968802668058556,59.93384486870474,1885.9600902321927
2021-03-19,15.945096293121503,61.19148626647207,1852.5528549857772
2021-03-21,20.167178128483254,64.63751518199157,1799.6171422996233
2021-03-22,22.200872446092827,66.00995796485216,1858.8245888972879
2021-03-22,22.021209389268922,66.90827324897168,1856.1592079296145
2021-03-22,22.233303281958154,65.98498810817085,1800.1009244068537
2021-03-23,16.57391699200517,59.8764441761581,1842.53014753474
2021-03-25,18.101052975008354,60.02367639711669,1860.2797875028268
2021-03-25,18.190884503420307,59.696781119334204,1829.357422789848
2021-03-25,15.495938651061742,56.642509153327836,1825.5410267988377
2021-03-26,21.963808696722296,66.88330339229037,1800.5431797188137
2021-03-26,21.60448258307449,65.62566199452304,1783.615766614365
2021-03-28,15.945096293121503,64.90700976722742,1785.9495869233424
2021-03-30,15.111642680732636,58.11224444378439,1835.4323670183298
2021-03-30,14.66248503867287,58.20207597219634,1830.3256297524993
2021-03-30,15.201474209144585,58.83089667108001,1829.0574895473246
2021-03-31,20.52650424213106,67.21019867007286,1794.6942891835806
2021-03-31,20.34684118530716,67.03053561324896,1799.4422631400066
2021-03-31,20.232039800213904,64.6699460178569,1784.869710408184
2021-03-31,21.66934425480514,65.65809283038837,1793.669540275668
2021-04-02,20.34684118530716,66.97313492070232,1792.7030093603353
2021-04-03,14.50779183853027,57.540824437447355,1830.0010228444737
2021-04-03,14.482821981848971,57.57325527331268,1853.8130083260985
2021-04-04,16.57391699200517,59.8764441761581,1852.1335897305123
2021-04-04,16.484085463593217,59.696781119334204,1850.2023936939993
2021-04-04,15.495938651061742,56.642509153327836,1842.0701875712223
2021-04-04,18.101052975008354,59.966275704570066,1833.584636176005
2021-04-04,15.111642680732636,58.11224444378439,1838.1870089964686
2021-04-04,15.201474209144585,58.83089667108001,1822.9024642145596
2021-04-04,18.076083118327055,59.99870654043539,1844.8195770059451
2021-04-07,22.200872446092827,66.00995796485216,1822.2968640988415
2021-04-08,21.963808696722296,66.90827324897168,1825.6783553585321
2021-04-08,20.34684118530716,66.99810477738363,1829.3098415340894
2021-04-08,22.233303281958154,65.98498810817085,1795.2264096037195
2021-04-08,20.167178128483254,64.63751518199157,1790.0282124606053
2021-04-08,19.53835742959959,65.08667282405133,1773.3280502816492
2021-04-08,18.0112214465964,59.06796042045055,1820.6602794921146
2021-04-08,20.34684118530716,66.97313492070232,1783.8542538723655
2021-04-08,21.60448258307449,65.62566199452304,1752.9053234710561
2021-04-08,18.101052975008354,59.966275704570066,1831.578018093579
2021-04-10,16.57391699200517,59.84401334029279,1836.242833411394
2021-04-10,18.101052975008354,60.02367639711669,1839.6597158526472
2021-04-10,15.201474209144585,58.83089667108001,1829.29614721574
2021-04-11,20.167178128483254,64.60508434612625,1850.0472474824521
2021-04-11,18.81970520230397,64.42542128930234,1834.3541534581468
2021-04-11,18.550210617068114,63.70676906200673,1814.731067144789
2021-04-11,13.045517527257736,62.69365239279395,1833.6171388718058
2021-04-11,14.392990453437015,62.603820864382,1825.3014979301404
2021-04-11,13.584506697729445,61.61567405185052,1824.7196828719211
2021-04-12,16.369284078499966,67.42229256276208,1842.6535580429515
2021-04-13,16.369284078499966,67.42229256276208,1868.9631395313709
2021-04-14,20.167178128483254,64.66248503867287,1848.7706141200065
2021-04-14,20.52650424213106,67.15279797752623,1834.5479919980753
2021-04-14,21.963808696722296,66.88330339229037,1824.8815522843356
2021-04-14,20.167178128483254,64.63751518199157,1816.2009096419224
2021-04-14,20.34684118530716,66.97313492070232,1842.819365593961
2021-04-15,13.102918219804359,62.6287907210633,1863.476058975967
2021-04-15,14.180896560747783,61.64064390853183,1863.7436670283787
2021-04-15,15.503399630245767,56.67493998919316,1832.411402991036
2021-04-15,13.527106005182816,61.61567405185052,1846.0920181133192
2021-04-16,16.57391699200517,59.84401334029279,1870.4413751321513
2021-04-16,16.516516299458544,59.81904348361148,1862.713893820174
2021-04-16,16.426684771046588,59.63938042678758,1869.5462833581394
2021-04-16,17.95382075404978,59.10039125631586,1855.3789003640952
2021-04-16,13.82157044709998,57.12409763125292,1834.1147428990039
2021-04-16,20.379272021172483,67.00556575656765,1810.0550463308464
2021-04-16,14.001233503923885,59.99870654043539,1831.8000490485358
2021-04-16,18.04365228246173,59.99870654043539,1837.7682799784088
2021-04-16,12.024939878860934,58.92072819949196,1867.2313257340115
2021-04-17,18.19834548260434,59.696781119334204,1852.8708301957954
2021-04-17,21.971269675906328,66.88330339229037,1794.965921362322
2021-04-17,16.491546442777235,59.696781119334204,1843.2985831094006
2021-04-17,14.335589760890386,60.505264875041775,1822.397831391704
2021-04-18,18.165914646739004,59.696781119334204,1852.8188522913013
2021-04-18,16.548947135323864,59.8764441761581,1867.3219783373058
2021-04-18,16.459115606911915,59.696781119334204,1859.3565547368585
2021-04-18,17.9862515899151,59.06796042045055,1859.252194926816
2021-04-18,15.47096879438044,56.642509153327836,1848.430457045478
2021-04-18,14.033664339789205,59.966275704570066,1812.4786436998975
2021-04-18,14.303158925025066,60.505264875041775,1833.9951164870802
2021-04-18,18.076083118327055,59.966275704570066,1850.8169361702298
2021-04-19,16.57391699200517,59.8764441761581,1872.9649848595193
2021-04-19,16.484085463593217,59.696781119334204,1855.1981388142538
2021-04-19,18.0112214465964,59.06796042045055,1845.6512208597035
2021-04-19,13.789139611234653,60.68492793186567,1832.2494931541773
2021-04-19,15.495938651061742,56.642509153327836,1834.0914020895857
2021-04-19,14.328128781706365,60.505264875041775,1821.2651456988988
2021-04-19,18.101052975008354,59.966275704570066,1842.635654188458
2021-04-19,16.581377971189198,59.81904348361148,1854.4366417661247
2021-04-19,15.503399630245767,56.67493998919316,1838.504151186893
2021-04-19,14.515252817714298,57.57325527331268,1851.6112454420356
2021-04-20,18.190884503420307,59.696781119334204,1862.0651843337037
2021-04-20,16.57391699200517,59.8764441761581,1848.5449475422854
2021-04-20,16.484085463593217,59.696781119334204,1847.9433637703535
2021-04-20,15.495938651061742,56.642509153327836,1838.199555131571
2021-04-20,14.50779183853027,57.540824437447355,1856.1260942777328
2021-04-20,18.101052975008354,59.966275704570066,1844.9628177416187
2021-04-20,14.335589760890386,56.94443457442901,1843.332033938289
2021-04-20,14.515252817714298,57.57325527331268,1837.797950288029
2021-04-22,18.525240760386815,63.76416975455335,1772.332515118556
2021-04-22,15.862725743893577,60.954422517101534,1812.894520103245
2021-04-22,18.108513954192375,64.54768365357963,1785.8299772097275
2021-04-22,18.557671596252135,63.739199897872055,1771.2981927347737
2021-04-23,16.311883385953337,64.54768365357963,1834.8403321475682
2021-04-23,13.886432118830626,57.181498323799545,1849.436369572242
2021-04-25,20.803459806550947,67.87145020482185,1816.6392352116388
2021-04-26,18.70490381721072,64.45785212516766,1791.2009112026644
2021-04-26,20.232039800213904,64.63751518199157,1807.8181054725987
2021-04-26,18.884566874034626,64.45785212516766,1799.5735744726906
2021-04-26,18.165914646739004,64.54768365357963,1816.7138739030022
2021-04-26,14.21332739661311,61.583243215985206,1824.9494041488222
2021-04-26,14.188357539931815,61.61567405185052,1796.337443198369
2021-04-27,12.628790721063297,63.68179920532542,1829.3739227131996
2021-05-03,16.344314221818664,67.42229256276208,1839.5423770633731
2021-05-05,20.50153438544976,67.17776783420753,1797.0022077676301
2021-05-05,20.86086049909757,67.89642006150315,1788.6623132562752
2021-05-05,20.32187132862586,66.99810477738363,1786.0372474374437
2021-05-05,20.533965221315086,67.15279797752623,1804.8291851708295
2021-05-05,16.311883385953337,67.42229256276208,1819.9882811755483
2021-05-05,20.354302164491187,66.97313492070232,1802.1477002569645
2021-05-06,16.311883385953337,67.42229256276208,1786.477531172727
2021-05-06,16.344314221818664,67.36489187021546,1828.416221159296
2021-05-07,13.020547670576434,62.66122155692862,1812.4223660611426
2021-05-12,16.581377971189198,59.8764441761581,1856.7386986150032
2021-05-12,16.491546442777235,59.696781119334204,1851.8502201377094
2021-05-12,17.928850897368477,59.06796042045055,1852.6765250150263
2021-05-12,18.108513954192375,59.966275704570066,1835.0598555255876
2021-05-12,18.17337562592303,59.72921195519953,1843.9579663857896
2021-05-12,16.55640811450789,59.81904348361148,1862.8784604516156
2021-05-12,16.46657658609594,59.63938042678758,1857.2736787783965
2021-05-12,18.08354409751108,59.99870654043539,1841.6103280548946
2021-05-13,17.210198670072856,63.25761141994697,1827.5065235298787
2021-05-13,18.23077631846965,59.72921195519953,1857.2442161282663
2021-05-13,17.961281733233804,59.10039125631586,1860.0430873482314
2021-05-13,15.445998937699144,56.67493998919316,1843.588402072057
2021-05-13,18.051113261645753,59.99870654043539,1859.5739518415962
2021-05-14,20.207069943532602,64.63751518199157,1849.8913061867675
2021-05-20,18.647503124664098,64.48282198184897,1818.4108929251954
2021-05-20,20.174639107667275,64.66248503867287,1832.4853131671557
2021-05-20,18.108513954192375,64.57265351026092,1833.696165872802
2021-05-20,20.207069943532602,64.63751518199157,1836.745592259391
2021-05-27,22.00370051177164,66.88330339229037,1826.3325549986494
2021-05-27,18.679933960529425,64.45785212516766,1822.0743612712045
2021-05-27,20.207069943532602,64.63751518199157,1830.4136399888118
2021-05-27,18.859597017353323,64.45785212516766,1805.07646820383
2021-05-27,18.140944790057702,64.54768365357963,1831.6666616840732
2021-05-27,18.59010243211746,63.739199897872055,1813.3822796094744
2021-05-27,21.644374398123844,65.62566199452304,1828.740370936118
2021-05-27,18.65496410384813,64.49028296103299,1803.638674564766
2021-05-27,18.834627160672028,64.49028296103299,1803.6386846988814
2021-05-27,18.115974933376407,64.58011448944495,1813.3908690581534
2021-05-28,17.242629505938183,63.20021072740033,1822.6736563115742
2021-05-28,16.434145750230613,59.696781119334204,1842.8884870382722
2021-05-28,18.679933960529425,64.45785212516766,1809.8489019971464
2021-05-28,18.859597017353323,64.45785212516766,1810.5861941738538
2021-05-28,18.140944790057702,64.54768365357963,1837.3189517328128
2021-05-28,18.59010243211746,63.739199897872055,1806.1905489268634
2021-05-28,14.457852125167662,62.571390028516674,1799.19165234568
2021-05-28,18.051113261645753,59.966275704570066,1822.6731151646663
2021-05-28,14.188357539931815,61.583243215985206,1809.1197640847686
2021-05-28,17.18522881339156,63.23264156326566,1834.9620332513082
2021-05-28,13.681799205325419,60.80719029614296,1837.5771533195102
2021-05-28,16.46657658609594,59.63938042678758,1840.830678565491
2021-05-28,18.712364796394738,64.49028296103299,1835.8409160246927
2021-05-28,13.771630733737382,60.717358767731,1836.2644113727638
2021-05-28,15.837755887212282,60.98685335296686,1836.354499350195
2021-05-28,18.89202785321865,64.49028296103299,1820.7764209616314
2021-05-28,18.17337562592303,64.58011448944495,1822.0935919532799
2021-05-28,18.53270173957084,63.77163073373738,1831.4171099642642
2021-05-28,14.40045143262104,62.603820864382,1816.8008689245087
2021-05-28,13.59196767691347,61.61567405185052,1841.1894375726956
2021-05-28,14.31061990420909,60.5376957109071,1834.0803594886227
2021-05-28,18.08354409751108,59.99870654043539,1842.1362205962946
2021-05-28,14.130956847385178,61.61567405185052,1833.2718737177952
2021-05-29,17.242629505938183,63.25761141994697,1815.5766538016458
2021-05-29,16.523977278642562,59.84401334029279,1860.7751430149415
2021-05-29,18.679933960529425,64.5152528177143,1814.2055914034117
2021-05-29,18.859597017353323,64.42542128930234,1812.8131175365093
2021-05-29,18.140944790057702,64.60508434612625,1815.3782736958
2021-05-29,18.59010243211746,63.70676906200673,1827.9225965528587
2021-05-29,18.051113261645753,60.02367639711669,1856.3368076079926
2021-05-29,14.188357539931815,61.64064390853183,1821.0950342032402
2021-05-29,18.17337562592303,59.696781119334204,1860.6872383747386
2021-05-29,17.18522881339156,63.20021072740033,1839.7184742552654
2021-05-29,13.681799205325419,60.774759460277636,1838.7555622394102
2021-05-29,13.771630733737382,60.68492793186567,1830.8084629940342
2021-05-29,18.17337562592303,64.54768365357963,1835.4544404727494
2021-05-29,18.08354409751108,59.966275704570066,1852.3480080268505
2021-05-29,15.927587415624231,61.223917102337396,1827.6245162682671
2021-05-29,14.130956847385178,61.583243215985206,1850.456457986079
2021-05-30,22.00370051177164,66.94070408483701,1831.1404161927117
2021-05-30,18.679933960529425,64.5152528177143,1783.1914491556124
2021-05-30,20.207069943532602,64.60508434612625,1808.9942159551215
2021-05-30,18.59010243211746,63.70676906200673,1819.9324436747206
2021-05-30,21.644374398123844,65.68306268706968,1797.5595465393199
2021-05-30,14.31061990420909,57.00183526697565,1819.5321145353832
2021-05-30,14.40045143262104,57.900150551095166,1846.3486381652222
2021-05-30,18.17337562592303,59.696781119334204,1864.0921875368974
2021-05-30,17.18522881339156,63.20021072740033,1848.9482464170642
2021-05-30,16.55640811450789,59.8764441761581,1861.942404861085
2021-05-30,13.681799205325419,60.774759460277636,1856.1362385438388
2021-05-30,16.46657658609594,59.696781119334204,1859.9702626862327
2021-05-30,18.712364796394738,64.45785212516766,1843.021729412222
2021-05-30,20.23950077939793,64.63751518199157,1847.9155711633377
2021-05-30,17.99371256909913,59.06796042045055,1850.136320023018
2021-05-30,13.771630733737382,60.68492793186567,1848.5863864126184
2021-05-30,18.89202785321865,64.45785212516766,1826.9478716233002
2021-05-30,13.861462262149331,57.181498323799545,1836.528338531584
2021-05-30,14.669946017856901,58.16964513633101,1841.2856392996869
2021-05-30,18.17337562592303,64.54768365357963,1845.9979878669976
2021-05-30,15.478429773564471,56.642509153327836,1833.0410310552188
2021-05-30,14.04112531897323,59.966275704570066,1830.7066636750694
2021-05-30,14.31061990420909,60.505264875041775,1846.5073051414868
2021-05-30,14.490282961032989,57.540824437447355,1834.916476724139
2021-05-30,15.20893518832861,58.888297363626634,1835.7407932121132
2021-05-30,18.08354409751108,59.966275704570066,1855.8626088104108
2021-05-30,15.927587415624231,61.223917102337396,1842.6696583026135
2021-05-30,14.130956847385178,61.583243215985206,1836.9403553793488
2021-05-31,18.557671596252135,63.76416975455335,1803.031355680078
2021-05-31,17.18522881339156,63.20021072740033,1800.480206571475
2021-05-31,18.712364796394738,64.45785212516766,1826.4808896896418
2021-05-31,18.53270173957084,63.739199897872055,1827.089743897673
2021-06-01,17.210198670072856,63.20021072740033,1833.2981145862243
2021-06-01,16.311883385953337,64.54768365357963,1788.0332023087985
2021-06-01,18.557671596252135,63.739199897872055,1834.7426239376957
2021-06-01,18.108513954192375,59.966275704570066,1848.559307607449
2021-06-01,14.155926704066488,61.583243215985206,1833.1220481630246
2021-06-01,13.534566984366847,61.61567405185052,1834.718004531723
2021-06-01,14.163387683250505,61.61567405185052,1825.0781050333858
2021-06-02,21.971269675906328,66.94070408483701,1808.0858775555566
2021-06-02,17.242629505938183,63.20021072740033,1826.5999822926137
2021-06-02,16.344314221818664,64.54768365357963,1849.6634189132499
2021-06-02,22.00370051177164,66.88330339229037,1818.5179402385322
2021-06-02,18.679933960529425,64.45785212516766,1842.0211228137618
2021-06-02,20.207069943532602,64.63751518199157,1818.881632997415
2021-06-02,19.48841771623698,65.08667282405133,1811.1548634967194
2021-06-02,18.859597017353323,64.45785212516766,1819.071142267693
2021-06-02,18.140944790057702,64.54768365357963,1835.3488050361268
2021-06-02,18.59010243211746,63.739199897872055,1839.4826601133716
2021-06-02,21.644374398123844,65.62566199452304,1827.8872338077845
2021-06-02,14.188357539931815,61.583243215985206,1819.2367196503214
2021-06-02,17.18522881339156,63.23264156326566,1837.5332542709273
2021-06-02,16.37674505768399,64.58011448944495,1846.1213305990905
2021-06-02,22.036131347636967,66.9157342281557,1809.3254059855851
2021-06-02,18.712364796394738,64.49028296103299,1830.9091508026281
2021-06-02,18.89202785321865,64.49028296103299,1840.0006037158585
2021-06-02,18.17337562592303,64.58011448944495,1815.6537751780088
2021-06-02,13.59196767691347,61.61567405185052,1841.5156822668594
2021-06-02,11.97500016549833,58.92072819949196,1825.5992445192903
2021-06-02,14.130956847385178,61.61567405185052,1830.4392759337525
2021-06-03,22.183363568595553,65.95255727230553,1830.7647664537021
2021-06-03,17.242629505938183,63.25761141994697,1814.0224268500574
2021-06-03,22.00370051177164,66.94070408483701,1821.850097611198
2021-06-03,18.679933960529425,64.5152528177143,1824.0687002037375
2021-06-03,20.207069943532602,64.60508434612625,1835.543577280826
2021-06-03,20.835890642416274,67.83901936895653,1822.1064345995155
2021-06-03,18.859597017353323,64.42542128930234,1830.1712598782863
2021-06-03,18.140944790057702,64.60508434612625,1831.7984489677385
2021-06-03,18.59010243211746,63.70676906200673,1821.4044481322096
2021-06-03,21.644374398123844,65.68306268706968,1854.3333868973968
2021-06-03,16.37674505768399,64.54768365357963,1833.880724094074
2021-06-03,22.036131347636967,66.88330339229037,1845.6305244490618
2021-06-03,18.712364796394738,64.45785212516766,1829.0399154751137
2021-06-03,20.23950077939793,64.63751518199157,1844.5382495751596
2021-06-03,18.17337562592303,64.54768365357963,1839.9711431933858
2021-06-03,20.329332307809878,66.97313492070232,1847.2883288153114
2021-06-03,18.53270173957084,63.739199897872055,1832.2054742130958
2021-06-03,14.31061990420909,60.505264875041775,1821.9118592628058
2021-06-04,22.00370051177164,66.94070408483701,1827.7780592179308
2021-06-04,21.644374398123844,65.68306268706968,1840.629962182467
2021-06-04,18.08354409751108,59.966275704570066,1827.0714131285174
2021-06-05,18.17337562592303,59.696781119334204,1854.630454300977
2021-06-06,22.00370051177164,66.90827324897168,1828.5071629505387
2021-06-06,15.11910365991666,58.079813607919064,1828.9540960777663
2021-06-06,22.036131347636967,66.88330339229037,1828.3689484651775
2021-06-06,18.712364796394738,64.45785212516766,1816.0760616283358
2021-06-06,18.89202785321865,64.45785212516766,1810.3083046129093
2021-06-06,18.17337562592303,64.54768365357963,1835.7981652790913
2021-06-06,20.329332307809878,66.97313492070232,1835.4117687919372
2021-06-09,22.183363568595553,65.95255727230553,1815.0434449107354
2021-06-09,21.644374398123844,65.68306268706968,1829.8491177359035
2021-06-10,21.963808696722296,66.90827324897168,1826.2783198789068
2021-06-13,12.00743100136367,58.92072819949196,1856.620818486055
2021-06-16,17.99371256909913,59.06796042045055,1834.0621473752865
2021-06-16,13.861462262149331,57.181498323799545,1842.3521395257737
2021-06-16,14.669946017856901,58.16964513633101,1842.5353854052253
2021-06-16,15.478429773564471,56.642509153327836,1825.3406754264463
2021-06-16,14.490282961032989,57.540824437447355,1833.73689498967
2021-06-16,15.20893518832861,58.888297363626634,1837.778040565386
2021-06-16,15.151534495781988,58.11224444378439,1838.6721140889686
2021-06-16,14.343050740074403,56.94443457442901,1830.0610357508922
2021-06-16,15.510860609429784,56.67493998919316,1841.9478151424132
2021-06-16,14.52271379689833,57.57325527331268,1835.9370100929882
2021-06-16,15.241366024193923,58.83089667108001,1842.7123902835226
2021-06-17,16.55640811450789,59.8764441761581,1843.9381591317592
2021-06-17,16.46657658609594,59.696781119334204,1845.597743482126
2021-06-17,20.23950077939793,64.63751518199157,1821.307090116382
2021-06-17,13.771630733737382,60.68492793186567,1821.9709586698018
2021-06-17,15.837755887212282,60.954422517101534,1812.999883212631
2021-06-17,13.861462262149331,57.181498323799545,1811.7493034396616
2021-06-17,15.478429773564471,56.642509153327836,1822.3087866926626
2021-06-17,14.04112531897323,59.966275704570066,1821.5800910096902
2021-06-17,14.490282961032989,57.540824437447355,1809.4091057723008
2021-06-17,15.20893518832861,58.888297363626634,1837.3176192910598
2021-06-17,15.927587415624231,61.223917102337396,1847.1122220959826
2021-06-17,15.11910365991666,58.11224444378439,1814.2134295910378
2021-06-17,14.31061990420909,56.94443457442901,1820.149697963442
2021-06-17,16.55640811450789,59.81904348361148,1843.3765192559413
2021-06-17,16.46657658609594,59.63938042678758,1846.9021115264504
2021-06-17,13.861462262149331,57.12409763125292,1839.6016989682505
2021-06-17,15.478429773564471,56.67493998919316,1822.4003684039803
2021-06-17,14.490282961032989,57.57325527331268,1835.7542125642779
2021-06-17,15.20893518832861,58.83089667108001,1820.628774107236
2021-06-17,18.08354409751108,59.99870654043539,1831.0333891025073
2021-06-18,15.478429773564471,56.642509153327836,1834.986896826738
2021-06-18,18.08354409751108,59.966275704570066,1830.509826335074
2021-06-18,15.510860609429784,56.67493998919316,1827.862579737649
2021-06-19,18.08354409751108,59.99124556125136,1827.8267881585289
2021-06-19,18.17337562592303,59.72921195519953,1834.3220229462343
2021-06-19,16.55640811450789,59.81904348361148,1855.5683886122042
2021-06-19,16.46657658609594,59.63938042678758,1844.8793156901618
2021-06-19,15.478429773564471,56.67493998919316,1825.930787271127
2021-06-19,15.20893518832861,58.83089667108001,1845.085121889868
2021-06-19,18.08354409751108,59.99870654043539,1835.709368067804
2021-06-20,15.20893518832861,58.888297363626634,1840.291825055718
2021-06-23,22.00370051177164,66.94070408483701,1825.1554914896747
2021-06-23,20.566396057180413,67.15279797752623,1818.9075479176438
2021-06-23,22.00370051177164,66.88330339229037,1813.693424085073
2021-06-23,20.386733000356514,66.97313492070232,1824.7195274905998
2021-06-23,22.00370051177164,66.9157342281557,1827.5453703502792
2021-06-24,22.248225240326207,65.98498810817085,1811.6628367266503
2021-06-24,12.00743100136367,58.97812889203858,1809.1524642184365
2021-06-27,14.457852125167662,62.571390028516674,1811.942488517586
2021-06-28,22.00370051177164,66.90827324897168,1803.1134462980303
2021-06-28,14.278189068343764,57.00183526697565,1819.8785163187663
2021-06-28,22.183363568595553,65.98498810817085,1828.5461925639268
2021-06-28,17.242629505938183,63.20021072740033,1825.2468186408792
2021-06-28,18.679933960529425,64.45785212516766,1839.1610643503577
2021-06-28,20.207069943532602,64.63751518199157,1850.1108088218296
2021-06-28,18.859597017353323,64.45785212516766,1848.6910408358458
2021-06-28,18.140944790057702,64.54768365357963,1839.6043858329726
2021-06-28,18.59010243211746,63.739199897872055,1843.3888183309173
2021-06-28,15.445998937699144,56.642509153327836,1807.8266423453147
2021-06-28,14.457852125167662,57.540824437447355,1824.8084066131064
2021-06-28,15.176504352463283,58.11224444378439,1827.083215196076
2021-06-28,18.679933960529425,64.49028296103299,1809.0351454154286
2021-06-28,18.140944790057702,64.58011448944495,1811.736330008908
2021-06-28,15.445998937699144,56.67493998919316,1834.755703030361
2021-06-28,14.457852125167662,57.57325527331268,1829.0771434146882
2021-06-28,15.266335880875232,58.83089667108001,1819.6008688930965
2021-06-28,12.032400858044966,58.92072819949196,1820.5676850861223
2021-06-29,16.434145750230613,59.696781119334204,1837.59370763714
2021-06-29,15.445998937699144,56.642509153327836,1822.5081311084773
2021-06-29,14.457852125167662,57.540824437447355,1821.6526261197723
2021-06-29,14.335589760890386,56.94443457442901,1827.1690194441292
2021-06-29,16.491546442777235,59.63938042678758,1837.0247674559853
2021-06-29,13.886432118830626,57.12409763125292,1837.152230725632
2021-06-29,15.503399630245767,56.67493998919316,1820.359833260708
2021-07-01,22.240764261142175,65.95255727230553,1826.8249519151939
2021-07-01,21.971269675906328,66.94070408483701,1821.737532409296
2021-07-01,18.647503124664098,64.5152528177143,1816.5105893416016
2021-07-01,20.174639107667275,64.60508434612625,1833.1308913690814
2021-07-01,19.545818408783617,65.054241988186,1809.8205861160013
2021-07-01,18.827166181487996,64.42542128930234,1814.3684697335657
2021-07-01,18.108513954192375,64.60508434612625,1824.525388613441
2021-07-01,18.557671596252135,63.70676906200673,1835.9831066595623
2021-07-01,21.611943562258517,65.68306268706968,1848.0410250016603
2021-07-01,16.46657658609594,64.90700976722742,1830.3978290568705
2021-07-01,22.21579440446088,65.98498810817085,1835.3586396425599
2021-07-01,14.31061990420909,60.864590988689585,1808.3469935240007
2021-07-01,17.18522881339156,63.20021072740033,1851.5717316052583
2021-07-01,16.37674505768399,64.54768365357963,1840.7810109563356
2021-07-01,22.036131347636967,66.88330339229037,1825.810295854477
2021-07-01,13.681799205325419,60.774759460277636,1831.4178346053175
2021-07-01,18.712364796394738,64.45785212516766,1842.2959537538718
2021-07-01,20.23950077939793,64.63751518199157,1837.8476926244207
2021-07-01,13.771630733737382,60.68492793186567,1835.088378016218
2021-07-01,15.837755887212282,60.954422517101534,1811.352011834313
2021-07-01,18.89202785321865,64.45785212516766,1831.54309964589
2021-07-01,15.927587415624231,63.91886295469595,1847.2672058769872
2021-07-01,18.17337562592303,64.54768365357963,1839.3407120277493
2021-07-01,20.329332307809878,66.97313492070232,1837.3128564800913
2021-07-01,18.53270173957084,63.739199897872055,1841.4050393259824
2021-07-01,21.67680523398917,65.62566199452304,1834.9960789692132
2021-07-01,18.08354409751108,59.966275704570066,1836.642875446065
2021-07-01,15.927587415624231,61.223917102337396,1826.7495692188559
2021-07-01,14.130956847385178,61.583243215985206,1821.2204684186415
2021-07-02,21.971269675906328,66.90827324897168,1816.1267272453092
2021-07-02,18.647503124664098,64.48282198184897,1828.5064387208765
2021-07-02,20.174639107667275,64.66248503867287,1826.1222247006522
2021-07-02,19.545818408783617,65.02181115232068,1824.2753774750215
2021-07-02,18.827166181487996,64.48282198184897,1823.646681972275
2021-07-02,18.108513954192375,64.57265351026092,1815.7921756588028
2021-07-02,20.354302164491187,66.99810477738363,1820.9089582293134
2021-07-02,18.557671596252135,63.76416975455335,1814.9022311459537
2021-07-02,22.240764261142175,65.98498810817085,1848.9757141982975
2021-07-02,20.533965221315086,67.15279797752623,1838.7977902531488
2021-07-02,14.335589760890386,60.864590988689585,1839.2022735899482
2021-07-02,17.210198670072856,63.20021072740033,1825.9548708379386
2021-07-02,21.971269675906328,66.88330339229037,1834.616755416476
2021-07-02,16.581377971189198,59.8764441761581,1861.517612317799
2021-07-02,13.706769062006728,60.774759460277636,1847.8449759927
2021-07-02,16.491546442777235,59.696781119334204,1858.4152561593223
2021-07-02,18.647503124664098,64.45785212516766,1842.1417618810995
2021-07-02,20.174639107667275,64.63751518199157,1832.3762349091778
2021-07-02,17.928850897368477,59.06796042045055,1825.6500574885772
2021-07-02,13.796600590418677,60.68492793186567,1839.5367429892628
2021-07-02,16.671209499601147,63.739199897872055,1841.1384231716365
2021-07-02,15.862725743893577,60.954422517101534,1831.2693186497236
2021-07-02,18.827166181487996,64.45785212516766,1845.8099211849044
2021-07-02,15.952557272305526,63.91886295469595,1837.2355229509647
2021-07-02,18.108513954192375,64.54768365357963,1831.5749861632314
2021-07-02,20.354302164491187,66.97313492070232,1836.0849880093292
2021-07-02,18.557671596252135,63.739199897872055,1838.3686136663912
2021-07-02,14.425421289302335,62.571390028516674,1838.005858828626
2021-07-02,14.335589760890386,60.505264875041775,1817.7104789644732
2021-07-02,21.611943562258517,65.62566199452304,1860.3527944836667
2021-07-02,15.952557272305526,61.223917102337396,1827.6976283737092
2021-07-02,14.155926704066488,61.583243215985206,1838.1480498089998
2021-07-02,17.210198670072856,63.23264156326566,1816.0082222735746
2021-07-03,20.566396057180413,67.17776783420753,1802.1567459001208
2021-07-03,22.00370051177164,66.90827324897168,1822.4737570961715
2021-07-03,20.386733000356514,66.99810477738363,1801.0866218289539
2021-07-03,18.23077631846965,59.696781119334204,1835.1059561549023
2021-07-03,22.183363568595553,65.98498810817085,1835.860691141521
2021-07-03,20.566396057180413,67.15279797752623,1844.6286542133907
2021-07-03,14.368020596755713,60.864590988689585,1844.9713140132799
2021-07-03,17.242629505938183,63.20021072740033,1827.9128592350125
2021-07-03,22.00370051177164,66.88330339229037,1849.6967245861185
2021-07-03,13.739199897872055,60.774759460277636,1842.4471296481722
2021-07-03,13.829031426284004,60.68492793186567,1844.6777430497104
2021-07-03,15.895156579758904,63.91886295469595,1844.06946560144
2021-07-03,20.386733000356514,66.97313492070232,1836.8727850224373
2021-07-03,18.59010243211746,63.739199897872055,1851.3231884261195
2021-07-03,14.457852125167662,62.571390028516674,1839.4420189101563
2021-07-03,14.008694483107902,59.966275704570066,1852.5952244546377
2021-07-03,14.368020596755713,60.505264875041775,1843.8856966611113
2021-07-03,21.644374398123844,65.62566199452304,1812.6006574066057
2021-07-03,12.032400858044966,58.97812889203858,1848.9865889153534
2021-07-03,14.188357539931815,61.583243215985206,1838.0817802404051
2021-07-03,17.18522881339156,63.23264156326566,1805.785824055701
2021-07-03,13.681799205325419,60.80719029614296,1828.9785172757022
2021-07-03,13.771630733737382,60.717358767731,1820.9952455456983
2021-07-03,14.40045143262104,62.603820864382,1815.6217060032377
2021-07-03,13.59196767691347,61.61567405185052,1829.2438405844284
2021-07-03,14.31061990420909,60.5376957109071,1824.9989005562813
2021-07-03,11.97500016549833,58.92072819949196,1823.5920342534243
2021-07-03,14.130956847385178,61.61567405185052,1824.9567558282165
2021-07-04,21.971269675906328,66.90827324897168,1812.805240759903
2021-07-04,22.183363568595553,65.98498810817085,1822.081475964481
2021-07-04,22.00370051177164,66.88330339229037,1837.3546886849679
2021-07-04,21.644374398123844,65.62566199452304,1832.1083856793682
2021-07-04,21.644374398123844,65.65809283038837,1813.745698658885
2021-07-04,12.032400858044966,58.92072819949196,1782.3542506469075
2021-07-05,22.183363568595553,65.98498810817085,1813.1813853069643
2021-07-05,20.566396057180413,67.15279797752623,1814.746150065488
2021-07-05,22.00370051177164,66.88330339229037,1844.1806214061282
2021-07-05,20.386733000356514,66.97313492070232,1830.7284999121405
2021-07-05,22.036131347636967,66.9157342281557,1828.1614911947229
2021-07-05,20.329332307809878,67.00556575656765,1822.1056347509077
2021-07-08,19.520848552102308,65.08667282405133,1787.7376939383237
2021-07-09,21.611943562258517,65.62566199452304,1800.2044406487041
2021-07-10,20.835890642416274,67.87145020482185,1823.4485550083334
2021-07-10,21.644374398123844,65.62566199452304,1815.5090371635542
2021-07-10,22.21579440446088,65.92758741562423,1823.7817817002845
2021-07-11,16.55640811450789,59.81904348361148,1847.3442464758452
2021-07-11,16.46657658609594,59.63938042678758,1846.8334957047273
2021-07-11,17.99371256909913,59.10039125631586,1838.1268259415422
2021-07-11,18.08354409751108,59.99870654043539,1842.6733787264632
2021-07-12,18.679933960529425,64.48282198184897,1809.0761957186457
2021-07-12,20.207069943532602,64.66248503867287,1812.8810504747582
2021-07-12,16.703640335466474,63.76416975455335,1780.1352525694365
2021-07-12,18.859597017353323,64.48282198184897,1808.2971215541286
2021-07-12,18.140944790057702,64.57265351026092,1784.3045668424202
2021-07-12,18.59010243211746,63.76416975455335,1801.2979572413153
2021-07-12,22.21579440446088,65.98498810817085,1807.8074956445244
2021-07-12,17.18522881339156,63.20021072740033,1824.0363619427355
2021-07-12,20.23950077939793,64.63751518199157,1833.570018354791
2021-07-12,19.520848552102308,65.08667282405133,1832.397997056147
2021-07-12,18.53270173957084,63.739199897872055,1837.8166630326539
2021-07-12,21.67680523398917,65.62566199452304,1820.7133609090663
2021-07-13,22.240764261142175,66.00995796485216,1850.1717461150658
2021-07-17,18.19834548260434,59.696781119334204,1827.5419110724904
2021-07-17,14.335589760890386,60.864590988689585,1850.3307683113449
2021-07-17,13.706769062006728,60.774759460277636,1866.4357839145068
2021-07-17,13.796600590418677,60.68492793186567,1849.8825624569874
2021-07-17,15.862725743893577,60.954422517101534,1856.5448799454325
2021-07-17,13.886432118830626,57.181498323799545,1875.2965058242116
2021-07-17,13.976263647242575,59.966275704570066,1850.1096808376662
2021-07-17,14.335589760890386,60.505264875041775,1840.0498289406598
2021-07-17,15.952557272305526,61.223917102337396,1850.681523762372
2021-07-17,11.999970022179639,58.97812889203858,1828.2995795049706
2021-07-17,11.999970022179639,58.92072819949196,1809.9776045157046
2021-07-19,14.457852125167662,57.540824437447355,1816.5538146928861
2021-07-19,12.032400858044966,58.97812889203858,1834.5705595409665
2021-07-19,15.11910365991666,58.11224444378439,1823.2040975568561
2021-07-19,15.20893518832861,58.83089667108001,1853.5577277243178
2021-07-20,15.478429773564471,56.67493998919316,1843.203621145147
2021-07-21,14.303158925025066,60.864590988689585,1824.9276029074454
2021-07-21,16.548947135323864,59.8764441761581,1846.355982561099
2021-07-21,13.76416975455335,60.774759460277636,1809.7714594695399
2021-07-21,16.459115606911915,59.696781119334204,1834.5013425210134
2021-07-21,17.9862515899151,59.06796042045055,1836.098517865208
2021-07-21,13.76416975455335,60.68492793186567,1813.8397439420548
2021-07-21,13.584506697729445,61.583243215985206,1816.0871686917014
2021-07-21,14.033664339789205,59.966275704570066,1801.1343631526577
2021-07-21,15.201474209144585,58.888297363626634,1822.359456090453
2021-07-21,14.21332739661311,61.583243215985206,1794.8484203126884
2021-07-21,18.23077631846965,59.72921195519953,1849.1472144210588
2021-07-21,16.523977278642562,59.81904348361148,1858.3573604319834
2021-07-21,13.739199897872055,60.80719029614296,1837.4425680706597
2021-07-21,16.434145750230613,59.63938042678758,1855.3665590548155
2021-07-21,17.961281733233804,59.10039125631586,1863.003406364644
2021-07-21,13.829031426284004,60.717358767731,1841.4707429149507
2021-07-21,13.559536841048143,61.61567405185052,1851.900099767278
2021-07-21,14.008694483107902,59.99870654043539,1844.4978701405705
2021-07-21,14.368020596755713,60.5376957109071,1852.197016419372
2021-07-21,15.266335880875232,58.83089667108001,1849.5614886509525
2021-07-21,18.051113261645753,59.99870654043539,1854.021272443705
2021-07-21,14.188357539931815,61.61567405185052,1834.8850220117165
2021-07-22,15.176504352463283,58.079813607919064,1815.8500466535932
2021-07-22,14.278189068343764,57.00183526697565,1831.9408891538017
2021-07-22,13.739199897872055,60.774759460277636,1828.0763558375722
2021-07-22,14.008694483107902,59.966275704570066,1825.95086773377
2021-07-22,14.368020596755713,60.505264875041775,1827.4959781097741
2021-07-22,15.266335880875232,58.888297363626634,1840.2563376173011
2021-07-22,12.032400858044966,58.97812889203858,1833.6803288027854
2021-07-23,14.278189068343764,57.00183526697565,1818.5004801952011
2021-07-23,14.457852125167662,57.900150551095166,1815.9779905093112
2021-07-23,14.368020596755713,60.864590988689585,1814.2717085297033
2021-07-23,17.242629505938183,63.20021072740033,1814.4331426268038
2021-07-23,16.523977278642562,59.8764441761581,1853.6733017441595
2021-07-23,13.739199897872055,60.774759460277636,1828.5637216836608
2021-07-23,16.434145750230613,59.696781119334204,1846.5219804245755
2021-07-23,17.961281733233804,59.06796042045055,1825.5874674615893
2021-07-23,15.895156579758904,60.954422517101534,1820.6291472102318
2021-07-23,13.020547670576434,62.66122155692862,1819.6208615007524
2021-07-23,13.829031426284004,57.181498323799545,1826.6857923937052
2021-07-23,14.457852125167662,62.571390028516674,1822.0413694946953
2021-07-23,14.008694483107902,59.966275704570066,1810.4598836163184
2021-07-23,14.368020596755713,60.505264875041775,1812.6301270159388
2021-07-23,15.266335880875232,58.888297363626634,1807.898507011605
2021-07-23,15.895156579758904,61.223917102337396,1813.2206636000112
2021-07-23,12.032400858044966,58.97812889203858,1811.6375294400377
2021-07-23,13.681799205325419,60.80719029614296,1812.2244996552502
2021-07-23,14.04112531897323,59.99870654043539,1825.2663138104517
2021-07-23,15.20893518832861,58.83089667108001,1811.1846865067266
2021-07-23,11.97500016549833,58.92072819949196,1811.67671205615
2021-07-24,16.523977278642562,59.8764441761581,1825.0248422523882
2021-07-24,16.434145750230613,59.696781119334204,1830.5659368016193
2021-07-24,13.829031426284004,60.68492793186567,1806.279420531053
2021-07-24,14.368020596755713,60.505264875041775,1799.1116972903828
2021-07-24,15.895156579758904,61.223917102337396,1821.8824090465139
2021-07-24,12.032400858044966,58.97812889203858,1824.2656054244521
2021-07-24,16.55640811450789,59.81904348361148,1842.879149566059
2021-07-24,11.97500016549833,58.92072819949196,1829.9435457361358
2021-07-25,16.523977278642562,59.8764441761581,1835.9052706251714
2021-07-25,20.207069943532602,64.63751518199157,1810.1131435812508
2021-07-25,18.051113261645753,59.966275704570066,1814.1193040519313
2021-07-25,16.46657658609594,59.63938042678758,1842.5977882156378
2021-07-25,15.20893518832861,58.83089667108001,1830.352090790846
2021-07-25,11.97500016549833,58.92072819949196,1845.9619354883196
2021-07-26,20.50153438544976,67.17776783420753,1811.5263483779145
2021-07-26,22.240764261142175,65.98498810817085,1802.6646738064094
2021-07-26,20.533965221315086,67.15279797752623,1806.0790851081113
2021-07-26,17.210198670072856,63.20021072740033,1796.9782145884285
2021-07-26,16.311883385953337,64.54768365357963,1821.4371354080477
2021-07-26,21.971269675906328,66.88330339229037,1799.035292267813
2021-07-26,18.647503124664098,64.45785212516766,1799.28414512351
2021-07-26,20.174639107667275,64.63751518199157,1794.3191180461833
2021-07-26,18.827166181487996,64.45785212516766,1805.3554903925985
2021-07-26,18.557671596252135,63.739199897872055,1801.2222535546389
2021-07-26,21.611943562258517,65.62566199452304,1798.5444812275616
2021-07-26,16.37674505768399,64.58011448944495,1812.9533655916377
2021-07-26,22.036131347636967,66.9157342281557,1787.8685917026485
2021-07-27,22.240764261142175,66.00995796485216,1814.5548263084838
2021-07-27,20.533965221315086,67.17776783420753,1808.4288274896046
2021-07-27,21.971269675906328,66.90827324897168,1805.9850265609557
2021-07-27,16.671209499601147,63.76416975455335,1811.08146158449
2021-07-27,20.354302164491187,66.99810477738363,1817.0088720785263
2021-07-27,18.108513954192375,59.99124556125136,1848.2673702279753
2021-07-27,18.23077631846965,59.696781119334204,1835.2180084517254
2021-07-27,22.183363568595553,65.98498810817085,1836.3562168129808
2021-07-27,17.242629505938183,63.20021072740033,1812.1620284554467
2021-07-27,22.00370051177164,66.88330339229037,1825.6081260319181
2021-07-27,16.703640335466474,63.739199897872055,1813.6393620585948
2021-07-27,18.859597017353323,64.45785212516766,1815.0513506976695
2021-07-27,15.895156579758904,63.91886295469595,1827.2635925134841
2021-07-27,20.386733000356514,66.97313492070232,1819.6944495943299
2021-07-27,18.59010243211746,63.739199897872055,1821.435412738067
2021-07-27,21.644374398123844,65.62566199452304,1824.3741148754832
2021-07-28,22.240764261142175,66.00995796485216,1786.8089763349935
2021-07-28,21.971269675906328,66.90827324897168,1802.689295888815
2021-07-28,18.647503124664098,64.48282198184897,1796.280317220844
2021-07-28,20.174639107667275,64.66248503867287,1806.3496233607818
2021-07-28,20.354302164491187,66.99810477738363,1797.888307311627
2021-07-28,22.00370051177164,66.88330339229037,1826.1285524922976
2021-07-28,20.207069943532602,64.63751518199157,1808.3075026854146
2021-07-29,20.174639107667275,64.66248503867287,1800.5090797099829
2021-07-29,18.827166181487996,64.48282198184897,1788.4521636092559
2021-07-29,20.174639107667275,64.63751518199157,1804.5513879957125
2021-07-29,21.611943562258517,65.62566199452304,1808.070452508481
2021-08-02,18.647503124664098,64.5152528177143,1804.9657903278753
2021-08-02,18.827166181487996,64.42542128930234,1807.9140020399482
2021-08-03,20.50153438544976,67.17776783420753,1834.756718389407
2021-08-03,18.70490381721072,64.48282198184897,1809.4516569591476
2021-08-03,18.884566874034626,64.48282198184897,1817.7018878057606
2021-08-03,20.32187132862586,66.99810477738363,1832.8981452795306
2021-08-03,18.525240760386815,63.76416975455335,1824.4491333057792
2021-08-03,18.647503124664098,64.45785212516766,1794.7829895024356
2021-08-03,18.827166181487996,64.45785212516766,1802.1773896838583
2021-08-06,22.240764261142175,65.95255727230553,1840.903348323643
2021-08-06,18.827166181487996,64.42542128930234,1823.6332988717013
2021-08-06,21.611943562258517,65.68306268706968,1831.31765594307
2021-08-06,22.183363568595553,65.92758741562423,1847.1392827655607
2021-08-06,21.644374398123844,65.65809283038837,1835.5094522629042
2021-08-07,22.240764261142175,65.98498810817085,1832.3736530176177
2021-08-07,20.174639107667275,64.63751518199157,1846.4319453242897
2021-08-10,17.210198670072856,63.20021072740033,1781.559200671647
2021-08-13,22.208333425276855,66.00995796485216,1788.3976422655462
2021-08-13,22.240764261142175,65.98498810817085,1834.063714662457
2021-08-13,20.354302164491187,66.97313492070232,1824.4771768296469
2021-08-13,21.611943562258517,65.62566199452304,1801.6250010450854
2021-08-14,21.963808696722296,66.90827324897168,1800.2533132104904
2021-08-14,21.971269675906328,66.88330339229037,1827.3697451459245
2021-08-17,22.208333425276855,65.95255727230553,1775.5543128607396
2021-08-17,22.02867036845295,66.94070408483701,1837.262306260018
2021-08-17,18.70490381721072,64.5152528177143,1805.0479288701279
2021-08-17,20.232039800213904,64.60508434612625,1782.7241068792957
2021-08-17,19.51338757291829,65.054241988186,1817.412478387075
2021-08-17,18.884566874034626,64.42542128930234,1791.4982198576645
2021-08-17,18.165914646739004,64.60508434612625,1802.8265194518935
2021-08-17,21.66934425480514,65.68306268706968,1780.1853756700693
2021-08-17,21.971269675906328,66.88330339229037,1817.9234887177142
2021-08-17,18.647503124664098,64.45785212516766,1804.6502696748985
2021-08-17,19.545818408783617,65.08667282405133,1831.917894746691
2021-08-17,18.827166181487996,64.45785212516766,1802.0478742959197
2021-08-17,18.108513954192375,64.54768365357963,1837.0982748027805
2021-08-19,14.392990453437015,57.900150551095166,1791.1749271337796
2021-08-20,18.165914646739004,59.696781119334204,1837.0032717348925
2021-08-20,16.548947135323864,59.8764441761581,1833.6470461934548
2021-08-20,14.303158925025066,60.505264875041775,1801.5062238500577
2021-08-20,18.076083118327055,59.966275704570066,1828.1470724282988
2021-08-21,15.144073516597956,58.11224444378439,1821.9585531229898
2021-08-21,14.425421289302335,57.93258138696049,1834.8847679014152
2021-08-21,14.605084346126247,58.20207597219634,1817.8911114119776
2021-08-22,14.303158925025066,60.864590988689585,1793.5516367443508
2021-08-22,16.459115606911915,59.696781119334204,1819.1278057274744
2021-08-22,16.581377971189198,59.81904348361148,1855.8402242348745
2021-08-22,13.706769062006728,60.80719029614296,1834.465330117586
2021-08-22,16.491546442777235,59.63938042678758,1858.994499844498
2021-08-22,13.796600590418677,60.717358767731,1832.2326130936895
2021-08-22,14.605084346126247,58.20207597219634,1840.2927294976862
2021-08-22,13.527106005182816,61.61567405185052,1817.1439659464206
2021-08-22,14.335589760890386,60.5376957109071,1848.07573404948
2021-08-23,14.335589760890386,60.864590988689585,1805.6231524065377
2021-08-23,13.706769062006728,60.774759460277636,1835.555555472549
2021-08-23,13.796600590418677,60.68492793186567,1834.331671030538
2021-08-23,13.527106005182816,61.583243215985206,1837.4952916786588
2021-08-23,13.976263647242575,59.966275704570066,1821.9866045432786
2021-08-23,14.335589760890386,60.505264875041775,1827.8402771820445
2021-08-23,14.515252817714298,57.540824437447355,1845.095289822075
2021-08-24,21.611943562258517,65.62566199452304,1818.3674960147105
2021-08-27,22.021209389268922,66.90827324897168,1821.875474467212
2021-08-27,20.853399519913545,67.89642006150315,1813.502548758825
2021-08-27,22.265734117823477,65.98498810817085,1820.778449800369
2021-08-27,20.558935077996388,67.15279797752623,1848.2528151020658
2021-08-27,21.996239532587623,66.88330339229037,1834.4063863476426
2021-08-27,20.828429663232242,67.87145020482185,1839.3090087407054
2021-08-27,20.379272021172483,66.97313492070232,1872.4536680403376
2021-08-27,21.636913418939812,65.62566199452304,1820.8801335393437
2021-08-27,22.208333425276855,65.92758741562423,1862.424155218157
2021-08-27,20.50153438544976,67.18522881339156,1852.801997663492
2021-08-27,22.02867036845295,66.9157342281557,1837.764855706894
2021-08-27,20.86086049909757,67.81404951227522,1834.9524845418184
2021-08-27,19.51338757291829,65.02927213150471,1849.6730900061689
2021-08-27,20.32187132862586,67.00556575656765,1857.5783258012818
2021-08-28,17.202737690888835,63.25761141994697,1850.6912946311832
2021-08-28,18.640042145480066,64.5152528177143,1847.2837825134554
2021-08-28,20.167178128483254,64.60508434612625,1830.083510003943
2021-08-28,19.53835742959959,65.054241988186,1848.7322893504852
2021-08-28,18.81970520230397,64.42542128930234,1848.7791610037639
2021-08-28,18.101052975008354,64.60508434612625,1848.3411806203533
2021-08-28,18.550210617068114,63.70676906200673,1835.8022547686633
2021-08-28,21.60448258307449,65.68306268706968,1827.553116709983
2021-08-28,22.208333425276855,65.98498810817085,1854.905405773781
2021-08-28,17.267599362619485,63.20021072740033,1801.9783982117303
2021-08-28,18.70490381721072,64.45785212516766,1847.4759177392132
2021-08-28,20.232039800213904,64.63751518199157,1849.6182426520452
2021-08-28,19.51338757291829,65.08667282405133,1842.0816493079833
2021-08-28,18.884566874034626,64.45785212516766,1842.616356426833
2021-08-28,18.165914646739004,64.54768365357963,1853.1727233391016
2021-08-28,20.32187132862586,66.97313492070232,1820.3950283939546
2021-08-28,18.525240760386815,63.739199897872055,1863.2819921309172
2021-08-28,14.392990453437015,62.571390028516674,1841.651976508766
2021-08-28,21.66934425480514,65.62566199452304,1862.9691044883464
2021-08-29,18.640042145480066,64.48282198184897,1838.559255299517
2021-08-29,18.81970520230397,64.48282198184897,1836.508496843253
2021-08-29,18.101052975008354,64.57265351026092,1825.0356492528795
2021-08-29,17.267599362619485,63.20021072740033,1841.0666505205793
2021-08-29,16.369284078499966,64.54768365357963,1839.8542427406198
2021-08-29,13.76416975455335,60.68492793186567,1860.7956591307093
2021-08-29,15.83029490802825,60.954422517101534,1864.1756684440393
2021-08-29,18.884566874034626,64.45785212516766,1846.0076954176398
2021-08-29,20.32187132862586,66.97313492070232,1816.8878309088122
2021-08-29,18.525240760386815,63.739199897872055,1831.619239079354
2021-08-29,14.392990453437015,62.571390028516674,1825.03030460553
2021-08-29,13.584506697729445,61.583243215985206,1866.2635576147175
2021-08-29,14.033664339789205,59.966275704570066,1827.2107564888558
2021-08-29,14.303158925025066,60.505264875041775,1861.8919843823521
2021-08-29,15.9201264364402,61.223917102337396,1848.879066039942
2021-08-29,15.9201264364402,64.90700976722742,1837.6153313285604
2021-08-29,14.21332739661311,61.583243215985206,1867.782284216744
2021-08-29,13.976263647242575,59.99870654043539,1813.8580274505066
2021-08-29,11.999970022179639,58.92072819949196,1791.4383157443385
2021-08-29,14.155926704066488,61.61567405185052,1834.6810318469118
2021-08-30,21.963808696722296,66.90827324897168,1814.4566759575214
2021-08-30,21.60448258307449,65.65063185120434,1825.2819640468995
2021-08-30,15.111642680732636,58.079813607919064,1823.296402061729
2021-08-30,22.208333425276855,65.98498810817085,1833.828332331599
2021-08-30,16.548947135323864,59.8764441761581,1876.5335034854609
2021-08-30,16.459115606911915,59.696781119334204,1872.4259286000406
2021-08-30,13.76416975455335,60.68492793186567,1835.853668305393
2021-08-30,13.854001282965307,57.181498323799545,1853.9490945039524
2021-08-30,18.525240760386815,63.739199897872055,1803.7419352042898
2021-08-30,14.392990453437015,62.571390028516674,1828.9377351007313
2021-08-30,14.303158925025066,60.505264875041775,1841.9261450188835
2021-08-30,15.201474209144585,58.888297363626634,1849.8322778449617
2021-08-30,15.9201264364402,61.223917102337396,1845.6930780877217
2021-08-30,11.967539186314312,58.97812889203858,1838.9982936306164
2021-08-30,17.210198670072856,63.23264156326566,1804.5026834809203
2021-08-30,11.999970022179639,58.92072819949196,1835.64081692483
2021-08-31,22.233303281958154,66.00995796485216,1816.0142984712772
2021-08-31,14.328128781706365,57.00183526697565,1855.0836058716982
2021-08-31,14.417960310118318,57.900150551095166,1841.8715414276273
2021-08-31,16.57391699200517,59.8764441761581,1868.085375358618
2021-08-31,16.484085463593217,59.696781119334204,1861.26116522174
2021-08-31,18.0112214465964,59.06796042045055,1870.1298195020677
2021-08-31,14.50779183853027,57.540824437447355,1852.16517523425
2021-08-31,16.581377971189198,59.81904348361148,1846.8892696634657
2021-08-31,15.233905045009905,58.83089667108001,1801.1737058741503
2021-08-31,11.999970022179639,58.92072819949196,1844.2408151610034
2021-09-02,15.111642680732636,58.11224444378439,1829.6024086942523
2021-09-02,14.303158925025066,56.94443457442901,1832.3923752835403
2021-09-02,15.201474209144585,58.83089667108001,1834.5442858558176
2021-09-02,11.967539186314312,58.92072819949196,1830.9672489333327
2021-09-03,15.111642680732636,58.079813607919064,1831.560204583585
2021-09-03,14.033664339789205,59.966275704570066,1840.5678239468516
2021-09-03,14.482821981848971,57.540824437447355,1823.8981904591112
2021-09-04,15.136612537413935,58.079813607919064,1861.3740073837198
2021-09-04,16.484085463593217,64.90700976722742,1845.2413572186638
2021-09-04,14.328128781706365,57.00183526697565,1859.2606339336887
2021-09-04,14.417960310118318,57.900150551095166,1865.8494083055834
2021-09-04,17.202737690888835,65.08667282405133,1834.28502662498
2021-09-04,16.57391699200517,64.90700976722742,1839.8851806713164
2021-09-04,13.6993080828227,60.774759460277636,1840.5985281939775
2021-09-04,13.789139611234653,60.68492793186567,1842.5659614464942
2021-09-04,14.417960310118318,62.571390028516674,1854.2365284335633
2021-09-04,13.968802668058556,59.966275704570066,1851.0275754988584
2021-09-04,14.328128781706365,60.505264875041775,1846.6423699559061
2021-09-04,15.226444065825886,58.888297363626634,1846.57661817751
2021-09-04,15.945096293121503,64.90700976722742,1836.929928236819
2021-09-04,14.148465724882461,61.583243215985206,1845.7438277957804
2021-09-04,15.144073516597956,58.11224444378439,1820.3878879596707
2021-09-04,14.605084346126247,58.20207597219634,1813.6984915475061
2021-09-04,13.976263647242575,59.99870654043539,1820.2022004525631
2021-09-04,14.335589760890386,60.5376957109071,1810.6164531686375
2021-09-04,14.515252817714298,57.57325527331268,1835.0039009747338
2021-09-04,15.233905045009905,58.83089667108001,1824.6016157390943
2021-09-04,14.155926704066488,61.61567405185052,1794.9762297122493
2021-09-05,15.952557272305526,61.25634793820272,1818.6999914120856
2021-09-08,22.200872446092827,65.95255727230553,1800.3006419455342
2021-09-08,22.021209389268922,66.94070408483701,1785.8724273609143
2021-09-08,22.233303281958154,65.98498810817085,1804.9188943602771
2021-09-08,16.484085463593217,59.696781119334204,1861.4314936258181
2021-09-08,13.789139611234653,60.68492793186567,1825.653430916755
2021-09-09,18.190884503420307,59.696781119334204,1822.4255008505988
2021-09-09,22.233303281958154,65.98498810817085,1833.5699494603712
2021-09-09,16.484085463593217,59.696781119334204,1850.8046236423688
2021-09-09,20.167178128483254,64.63751518199157,1842.7797944180877
2021-09-09,18.0112214465964,59.06796042045055,1844.3228664679111
2021-09-09,15.945096293121503,61.223917102337396,1784.1070515585895
2021-09-09,15.201474209144585,58.83089667108001,1812.902463875734
2021-09-09,11.967539186314312,58.92072819949196,1815.2446677767996
2021-09-10,22.233303281958154,66.00995796485216,1844.5929015379706
2021-09-10,21.963808696722296,66.90827324897168,1849.2302297632523
2021-09-10,22.233303281958154,65.98498810817085,1825.575452358894
2021-09-10,21.963808696722296,66.88330339229037,1813.5684669793766
2021-09-10,15.495938651061742,56.642509153327836,1825.6844425916042
2021-09-10,21.60448258307449,65.62566199452304,1833.516480361198
2021-09-10,15.503399630245767,56.67493998919316,1828.6611345124202
2021-09-11,22.233303281958154,66.00995796485216,1839.8632898819003
2021-09-11,21.963808696722296,66.90827324897168,1822.8942588491652
2021-09-11,22.233303281958154,65.98498810817085,1838.8941532813687
2021-09-11,20.52650424213106,67.15279797752623,1850.4021216019032
2021-09-11,21.963808696722296,66.88330339229037,1845.8862969779575
2021-09-11,20.34684118530716,66.97313492070232,1847.44040231529
2021-09-11,21.60448258307449,65.62566199452304,1842.0261661660018
2021-09-13,21.661883275621115,65.68306268706968,1781.254040554646
2021-09-13,14.328128781706365,60.864590988689585,1846.1922907195155
2021-09-13,13.6993080828227,60.774759460277636,1859.1370963247823
2021-09-13,13.789139611234653,60.68492793186567,1848.3428968628557
2021-09-13,15.85526476470955,60.954422517101534,1848.0362175059918
2021-09-13,13.519645025998797,61.583243215985206,1879.452746142135
2021-09-13,13.968802668058556,59.966275704570066,1852.174399822642
2021-09-13,14.328128781706365,60.505264875041775,1857.1103426751704
2021-09-13,14.50779183853027,57.540824437447355,1842.39489049978
2021-09-13,15.945096293121503,61.223917102337396,1846.9487978812454
2021-09-13,14.148465724882461,61.583243215985206,1880.7304413907482
2021-09-14,18.640042145480066,64.48282198184897,1809.0067229793478
2021-09-14,18.81970520230397,64.48282198184897,1805.2046464211
2021-09-14,18.550210617068114,63.76416975455335,1833.0781984363214
2021-09-14,18.640042145480066,64.45785212516766,1820.65134180981
2021-09-14,18.0112214465964,59.06796042045055,1853.5656961407026
2021-09-14,18.81970520230397,64.45785212516766,1802.3897704854285
2021-09-14,18.550210617068114,63.739199897872055,1827.777261226471
2021-09-15,14.328128781706365,60.864590988689585,1793.508281968533
2021-09-15,17.202737690888835,63.20021072740033,1841.5845260795177
2021-09-15,16.394253935181265,64.54768365357963,1819.9706980258684
2021-09-15,16.484085463593217,59.696781119334204,1837.559788095491
2021-09-15,16.753580048829072,63.739199897872055,1825.1103525497463
2021-09-15,18.101052975008354,64.54768365357963,1817.4763193988724
2021-09-15,14.417960310118318,62.571390028516674,1744.7106981517993
2021-09-15,14.328128781706365,60.505264875041775,1839.4862538823288
2021-09-25,14.417960310118318,57.900150551095166,1848.6854259624395
2021-09-25,18.190884503420307,59.696781119334204,1868.8533038657015
2021-09-25,16.57391699200517,59.8764441761581,1882.431731729981
2021-09-25,16.484085463593217,59.696781119334204,1884.2990854086975
2021-09-25,18.0112214465964,59.06796042045055,1854.891869131217
2021-09-25,14.597623366942221,58.16964513633101,1848.6529605855674
2021-09-25,13.968802668058556,59.966275704570066,1859.232580747847
2021-09-25,15.226444065825886,58.888297363626634,1834.2137590543678
2021-09-25,18.101052975008354,59.966275704570066,1858.7804367118977
2021-09-25,15.945096293121503,61.223917102337396,1858.3727827212495
2021-09-25,11.992509042995609,58.97812889203858,1874.6385916385343
2021-09-25,14.001233503923885,59.94130584788877,1844.183933791895
2021-09-25,15.258874901691215,58.863327506945325,1831.1302309722128
2021-09-27,21.963808696722296,66.94816506402103,1826.9758527041274
2021-09-27,15.85526476470955,60.929452660420225,1830.5925353242835
2021-09-27,14.417960310118318,62.546420171835365,1836.28611253272
2021-09-27,15.945096293121503,61.198947245656086,1826.4278276299945
2021-09-27,18.223315339285634,59.72921195519953,1831.3438913803027
2021-09-27,18.04365228246173,59.99870654043539,1836.481873819296
2021-09-28,20.52650424213106,67.21765964925689,1833.8476406270772
2021-10-07,17.202737690888835,63.207671706584364,1803.057374298512
2021-10-09,14.417960310118318,57.90761153027918,1863.8040020478502
2021-10-11,11.992509042995609,58.95315903535729,1835.884867384293
2021-10-12,16.57391699200517,59.88390515534212,1854.9206133769942
2021-10-12,13.6993080828227,60.78222043946167,1835.2153675824989
2021-10-12,16.484085463593217,59.70424209851822,1850.9327760478318
2021-10-12,13.789139611234653,60.692388911049704,1832.9349365047765
2021-10-12,15.226444065825886,58.895758342810666,1861.606500224198
2021-10-12,15.169043373279258,58.08727458710308,1819.0800806951843
2021-10-12,15.258874901691215,58.895758342810666,1823.9776675404637
2021-10-13,15.136612537413935,58.08727458710308,1826.679201708956
2021-10-13,16.57391699200517,59.88390515534212,1856.3602626418187
2021-10-13,16.484085463593217,59.70424209851822,1852.4547444327254
2021-10-13,13.878971139646605,57.18895930298356,1853.9245528976878
2021-10-13,15.495938651061742,56.64997013251187,1845.8550190187286
2021-10-13,14.328128781706365,60.512725854225806,1835.594349601979
2021-10-13,14.50779183853027,57.54828541663139,1833.1042764162166
2021-10-13,15.226444065825886,58.895758342810666,1845.0370601423892
2021-10-13,14.148465724882461,61.590704195169224,1846.4531299595435
2021-10-13,16.426684771046588,59.70424209851822,1855.5089093686347
2021-10-13,15.528369486927069,56.64997013251187,1815.5758996285433
2021-10-13,15.258874901691215,58.895758342810666,1829.346696123315
2021-10-15,11.992509042995609,58.95315903535729,1884.819688010446
2021-10-16,18.190884503420307,59.70424209851822,1875.585067457643
2021-10-16,14.328128781706365,60.78222043946167,1817.665946918068
2021-10-16,16.57391699200517,59.88390515534212,1869.6524380438211
2021-10-16,13.6993080828227,60.78222043946167,1823.8471661968463
2021-10-16,16.484085463593217,59.70424209851822,1880.521423885783
2021-10-16,18.0112214465964,59.075421399634564,1871.0641885849213
2021-10-16,13.789139611234653,60.692388911049704,1834.9871618478985
2021-10-16,14.328128781706365,60.512725854225806,1866.692051773754
2021-10-16,18.101052975008354,59.97373668375408,1865.8765570509813
2021-10-17,16.57391699200517,59.88390515534212,1899.948757508963
2021-10-17,16.484085463593217,59.70424209851822,1892.6206463895255
2021-10-17,14.328128781706365,60.512725854225806,1879.9624085615662
2021-10-17,15.226444065825886,58.895758342810666,1866.672368024389
2021-10-17,18.101052975008354,59.97373668375408,1866.139145125921
2021-10-17,11.992509042995609,58.9855898712226,1863.7447259310036
2021-10-18,15.136612537413935,58.08727458710308,1858.7609665095022
2021-10-18,14.417960310118318,57.90761153027918,1850.9201781173717
2021-10-18,18.190884503420307,59.70424209851822,1865.7940395075143
2021-10-18,16.57391699200517,59.88390515534212,1888.9827683319327
2021-10-18,16.484085463593217,59.70424209851822,1881.778174046863
2021-10-18,18.0112214465964,59.075421399634564,1888.7917625390176
2021-10-18,14.50779183853027,57.54828541663139,1874.473361954584
2021-10-18,18.101052975008354,59.97373668375408,1843.0005568210902
2021-10-22,13.878971139646605,57.18895930298356,1840.4569198951228
2021-10-23,14.328128781706365,56.9194647177477,1835.3337377182372
2021-10-23,13.878971139646605,57.18895930298356,1856.9066978883304
2021-10-23,15.495938651061742,56.64997013251187,1826.592580740775
2021-10-23,14.50779183853027,57.54828541663139,1818.7136692900344
